{
  "n_seeds": 50,
  "E1_trivial_signal_exists": {
    "acc": 1.0,
    "sd": 0.0,
    "ci95": 0.0,
    "ari": 1.0
  },
  "E2_function_separation": {
    "real": 1.0,
    "real_sd": 0.0,
    "function_only": 0.5783333333333333,
    "function_only_sd": 0.07003967129816897,
    "random_label": 0.5783333333333335,
    "random_label_sd": 0.05629781918018178,
    "chance": 0.5,
    "seeds": 50
  },
  "E3_robustness": {
    "jitter": [
      [
        1,
        1.0,
        0.0
      ],
      [
        5,
        1.0,
        0.0
      ],
      [
        15,
        1.0,
        0.0
      ]
    ],
    "batch": [
      [
        2,
        1.0,
        0.0
      ],
      [
        8,
        0.858,
        0.109
      ],
      [
        32,
        1.0,
        0.0
      ]
    ],
    "cover": [
      [
        1.0,
        1.0,
        0.0
      ],
      [
        4.0,
        1.0,
        0.0
      ],
      [
        16.0,
        1.0,
        0.0
      ]
    ],
    "vpn": [
      [
        0.25,
        0.886,
        0.044
      ],
      [
        0.5,
        0.756,
        0.075
      ],
      [
        1.0,
        0.578,
        0.057
      ]
    ],
    "pad": [
      [
        1.0,
        0.5,
        0.0
      ]
    ]
  },
  "E4_attacker_cost": [
    [
      1,
      0.5,
      0.0
    ],
    [
      2,
      0.791,
      0.171
    ],
    [
      4,
      0.94,
      0.135
    ],
    [
      8,
      1.0,
      0.0
    ],
    [
      16,
      1.0,
      0.0
    ],
    [
      32,
      1.0,
      0.0
    ]
  ],
  "E5_multi_pool": [
    [
      2,
      1.0,
      0.0,
      1.0,
      0.5
    ],
    [
      3,
      1.0,
      0.0,
      1.0,
      0.333
    ],
    [
      4,
      1.0,
      0.0,
      1.0,
      0.25
    ]
  ],
  "E6_negative_control_nopools": {
    "acc": 0.5933333333333333,
    "sd": 0.06849574196011506,
    "ci95": 0.01898605101998131,
    "seeds": 50
  }
}